"nome_original";"variavel";"obs"
"município";"municipio";""
"Município";"municipio";"2018, região Nordeste"
"mun";"municipio";"nome do script antigo (2018/2024) — some quando esses anos forem reimportados"
"municípiocódigo";"municipio";""
"muntrab";"municipio_trab";""
"Mun_Trab";"municipio_trab";"2018, região Nordeste"
"municípiotrabcódigo";"municipio_trab";""
"bairrossp";"bairros_sp";""
"bairrosspcódigo";"bairros_sp";""
"bairrosfortaleza";"bairros_fortaleza";""
"bairrosfortalezacódigo";"bairros_fortaleza";""
"bairrosrj";"bairros_rj";""
"bairrosrjcódigo";"bairros_rj";""
"distritossp";"distritos_sp";""
"distritosspcódigo";"distritos_sp";""
"regiõesadmdf";"regioes_adm_df";""
"regiãoadmdfcódigo";"regioes_adm_df";""
"sexotrabalhador";"sexo";""
"Sexo_Trabalhador";"sexo";"2018, região Nordeste"
"sexo";"sexo";"nome do script antigo (2018/2024) — some quando esses anos forem reimportados"
"sexocódigo";"sexo";""
"idade";"idade";""
"Idade";"idade";"2018, região Nordeste"
"faixaetária";"faixa_etaria";""
"Faixa_Etária";"faixa_etaria";"2018, região Nordeste"
"fx_etaria";"faixa_etaria";"nome do script antigo (2018/2024) — some quando esses anos forem reimportados"
"faixaetáriacódigo";"faixa_etaria";""
"raçacor";"raca_cor";""
"Raça_Cor";"raca_cor";"2018, região Nordeste"
"raca";"raca_cor";"nome do script antigo (2018/2024) — some quando esses anos forem reimportados"
"raçacorcódigo";"raca_cor";""
"grauinstrução20051985";"grau_instrucao";""
"escolaridadeapós2005";"escolaridade";""
"Escolaridade_após_2005";"escolaridade";"2018, região Nordeste"
"educ";"escolaridade";"nome do script antigo (2018/2024) — some quando esses anos forem reimportados"
"escolaridadeapós2005código";"escolaridade";""
"nacionalidade";"nacionalidade";""
"Nacionalidade";"nacionalidade";"2018, região Nordeste"
"nacionalidadecódigo";"nacionalidade";""
"anochegadabrasil";"ano_chegada_brasil";""
"Ano_Chegada_Brasil";"ano_chegada_brasil";"2018, região Nordeste"
"indportadordefic";"ind_defic";""
"Ind_Portador_Defic";"ind_defic";"2018, região Nordeste"
"def";"ind_defic";"nome do script antigo (2018/2024) — some quando esses anos forem reimportados"
"indportadordeficcódigo";"ind_defic";""
"tipodefic";"tipo_defic";""
"Tipo_Defic";"tipo_defic";"2018, região Nordeste"
"tipodeficiênciacódigo";"tipo_defic";""
"cboocupação";"cbo_antiga";""
"cbo94ocupação";"cbo1994";""
"cboocupação2002";"cbo2002";""
"CBO_Ocupação_2002";"cbo2002";"2018, região Nordeste"
"cbo02";"cbo2002";"nome do script antigo (2018/2024) — some quando esses anos forem reimportados"
"cbo2002ocupaçãocódigo";"cbo2002";""
"cnae95classe";"cnae95_classe";""
"CNAE_95_Classe";"cnae95_classe";"2018, região Nordeste"
"cnae95classecódigo";"cnae95_classe";""
"cnae20classe";"cnae20_classe";""
"CNAE_2_0_Classe";"cnae20_classe";"2018, região Nordeste"
"cnae20classecódigo";"cnae20_classe";""
"cnae20subclasse";"cnae20_subclasse";""
"CNAE_2_0_Subclasse";"cnae20_subclasse";"2018, região Nordeste"
"cnae20subclassecodigo";"cnae20_subclasse";""
"ibgesubsetor";"ibge_subsetor";""
"IBGE_Subsetor";"ibge_subsetor";"2018, região Nordeste"
"ibgesubsetorcódigo";"ibge_subsetor";""
"ibgesubatividade";"ibge_subatividade";""
"vínculoativo3112";"vinculo_ativo_3112";""
"Vínculo_Ativo_31_12";"vinculo_ativo_3112";"2018, região Nordeste"
"vc_ativo";"vinculo_ativo_3112";"nome do script antigo (2018/2024) — some quando esses anos forem reimportados"
"indvínculoativo3112código";"vinculo_ativo_3112";""
"tipovínculo";"tipo_vinculo";""
"Tipo_Vínculo";"tipo_vinculo";"2018, região Nordeste"
"tp_vinc";"tipo_vinculo";"nome do script antigo (2018/2024) — some quando esses anos forem reimportados"
"tipovínculocódigo";"tipo_vinculo";""
"tipoadmissão";"tipo_admissao";""
"Tipo_Admissão";"tipo_admissao";"2018, região Nordeste"
"adm";"tipo_admissao";"nome do script antigo (2018/2024) — some quando esses anos forem reimportados"
"tipoadmissãotrabalhadorcódigo";"tipo_admissao";""
"mêsadmissão";"mes_admissao";""
"Mês_Admissão";"mes_admissao";"2018, região Nordeste"
"mes_adm";"mes_admissao";"nome do script antigo (2018/2024) — some quando esses anos forem reimportados"
"mêsadmissãocódigo";"mes_admissao";""
"mêsdesligamento";"mes_deslig";""
"Mês_Desligamento";"mes_deslig";"2018, região Nordeste"
"mes_deslig";"mes_deslig";"nome do script antigo (2018/2024) — some quando esses anos forem reimportados"
"mêsdesligamentocódigo";"mes_deslig";""
"motivodesligamento";"motivo_deslig";""
"Motivo_Desligamento";"motivo_deslig";"2018, região Nordeste"
"deslig";"motivo_deslig";"nome do script antigo (2018/2024) — some quando esses anos forem reimportados"
"motivodesligamentocódigo";"motivo_deslig";""
"tempoemprego";"tempo_emprego";""
"Tempo_Emprego";"tempo_emprego";"2018, região Nordeste"
"tempo";"tempo_emprego";"nome do script antigo (2018/2024) — some quando esses anos forem reimportados"
"faixatempoemprego";"faixa_tempo_emprego";""
"Faixa_Tempo_Emprego";"faixa_tempo_emprego";"2018, região Nordeste"
"fx_tempo";"faixa_tempo_emprego";"nome do script antigo (2018/2024) — some quando esses anos forem reimportados"
"faixatempoempregocódigo";"faixa_tempo_emprego";""
"qtdhoracontr";"qtd_hora_contr";""
"Qtd_Hora_Contr";"qtd_hora_contr";"2018, região Nordeste"
"horas";"qtd_hora_contr";"nome do script antigo (2018/2024) — some quando esses anos forem reimportados"
"faixahoracontrat";"faixa_hora_contr";""
"Faixa_Hora_Contrat";"faixa_hora_contr";"2018, região Nordeste"
"fx_hora";"faixa_hora_contr";"nome do script antigo (2018/2024) — some quando esses anos forem reimportados"
"faixahoracontratcódigo";"faixa_hora_contr";""
"indtrabintermitente";"ind_trab_intermitente";""
"Ind_Trab_Intermitente";"ind_trab_intermitente";"2018, região Nordeste"
"intermitente";"ind_trab_intermitente";"nome do script antigo (2018/2024) — some quando esses anos forem reimportados"
"indtrabalhointermitentecódigo";"ind_trab_intermitente";""
"indtrabparcial";"ind_trab_parcial";""
"Ind_Trab_Parcial";"ind_trab_parcial";"2018, região Nordeste"
"parcial";"ind_trab_parcial";"nome do script antigo (2018/2024) — some quando esses anos forem reimportados"
"indtrabalhoparcialcódigo";"ind_trab_parcial";""
"indvínculoabandonadocódigo";"ind_vinculo_abandonado";""
"categoriatrabalhadorcódigo";"categoria_trabalhador";""
"causaafastamento1";"causa_afast1";""
"Causa_Afastamento_1";"causa_afast1";"2018, região Nordeste"
"afast1";"causa_afast1";"nome do script antigo (2018/2024) — some quando esses anos forem reimportados"
"causaafastamento1código";"causa_afast1";""
"causaafastamento2";"causa_afast2";""
"Causa_Afastamento_2";"causa_afast2";"2018, região Nordeste"
"afast2";"causa_afast2";"nome do script antigo (2018/2024) — some quando esses anos forem reimportados"
"causaafastamento2código";"causa_afast2";""
"causaafastamento3";"causa_afast3";""
"Causa_Afastamento_3";"causa_afast3";"2018, região Nordeste"
"afast3";"causa_afast3";"nome do script antigo (2018/2024) — some quando esses anos forem reimportados"
"causaafastamento3código";"causa_afast3";""
"qtddiasafastamento";"qtd_dias_afast";""
"Qtd_Dias_Afastamento";"qtd_dias_afast";"2018, região Nordeste"
"tp_afast";"qtd_dias_afast";"nome do script antigo (2018/2024) — some quando esses anos forem reimportados"
"vlremundezembronom";"rem_dez_nom";""
"Vl_Remun_Dezembro_Nom";"rem_dez_nom";"2018, região Nordeste"
"rem_dez";"rem_dez_nom";"nome do script antigo (2018/2024) — some quando esses anos forem reimportados"
"vlremdezembronom";"rem_dez_nom";""
"vlremundezembrosm";"rem_dez_sm";""
"Vl_Remun_Dezembro__SM_";"rem_dez_sm";"2018, região Nordeste"
"rem_dezsm";"rem_dez_sm";"nome do script antigo (2018/2024) — some quando esses anos forem reimportados"
"vlremdezembrosm";"rem_dez_sm";""
"vlremunmédianom";"rem_media_nom";""
"Vl_Remun_Média_Nom";"rem_media_nom";"2018, região Nordeste"
"rem_media";"rem_media_nom";"nome do script antigo (2018/2024) — some quando esses anos forem reimportados"
"vlremmédianom";"rem_media_nom";""
"vlremunmédiasm";"rem_media_sm";""
"Vl_Remun_Média__SM_";"rem_media_sm";"2018, região Nordeste"
"rem_mediasm";"rem_media_sm";"nome do script antigo (2018/2024) — some quando esses anos forem reimportados"
"vlremmédiasm";"rem_media_sm";""
"faixaremundezemsm";"faixa_rem_dez_sm";""
"Faixa_Remun_Dezem__SM_";"faixa_rem_dez_sm";"2018, região Nordeste"
"fx_remdez";"faixa_rem_dez_sm";"nome do script antigo (2018/2024) — some quando esses anos forem reimportados"
"faixaremdezsmcódigo";"faixa_rem_dez_sm";""
"faixaremunmédiasm";"faixa_rem_media_sm";""
"Faixa_Remun_Média__SM_";"faixa_rem_media_sm";"2018, região Nordeste"
"fx_remmedia";"faixa_rem_media_sm";"nome do script antigo (2018/2024) — some quando esses anos forem reimportados"
"faixaremmédiasmcódigo";"faixa_rem_media_sm";""
"tiposalário";"tipo_salario";""
"Tipo_Salário";"tipo_salario";"2018, região Nordeste"
"tp_salario";"tipo_salario";"nome do script antigo (2018/2024) — some quando esses anos forem reimportados"
"vlsaláriocontratual";"salario_contratual";""
"Vl_Salário_Contratual";"salario_contratual";"2018, região Nordeste"
"salario_contratual";"salario_contratual";"nome do script antigo (2018/2024) — some quando esses anos forem reimportados"
"tipoestab";"tipo_estab";""
"Tipo_Estab";"tipo_estab";"2018, região Nordeste"
"estab";"tipo_estab";"nome do script antigo (2018/2024) — some quando esses anos forem reimportados"
"tipoestabelecimentocódigo";"tipo_estab";""
"v20";"tipo_estab_nome";"coluna duplicada sem nome (texto CNPJ/CEI)"
"v27";"tipo_estab_nome";"coluna duplicada sem nome (texto CNPJ/CEI)"
"v30";"tipo_estab_nome";"coluna duplicada sem nome (texto CNPJ/CEI)"
"v33";"tipo_estab_nome";"coluna duplicada sem nome (texto CNPJ/CEI)"
"v34";"tipo_estab_nome";"coluna duplicada sem nome (texto CNPJ/CEI)"
"v39";"tipo_estab_nome";"coluna duplicada sem nome (texto CNPJ/CEI)"
"v41";"tipo_estab_nome";"coluna duplicada sem nome (texto CNPJ/CEI)"
"v42";"tipo_estab_nome";"coluna duplicada sem nome (texto CNPJ/CEI)"
"v43";"tipo_estab_nome";"coluna duplicada sem nome (texto CNPJ/CEI)"
"Tipo_Estab_1";"tipo_estab_nome";"2018, região Nordeste"
"estab_m";"tipo_estab_nome";"nome do script antigo (2018/2024) — some quando esses anos forem reimportados"
"tipoestabelecimentonome";"tipo_estab_nome";""
"tamanhoestabelecimento";"tamanho_estab";""
"Tamanho_Estabelecimento";"tamanho_estab";"2018, região Nordeste"
"tam";"tamanho_estab";"nome do script antigo (2018/2024) — some quando esses anos forem reimportados"
"tamanhoestabelecimentocódigo";"tamanho_estab";""
"naturezajurídica";"natureza_juridica";"1994: códigos de 2 dígitos (classificação antiga); 1995+: 4 dígitos"
"Natureza_Jurídica";"natureza_juridica";"2018, região Nordeste"
"nat";"natureza_juridica";"nome do script antigo (2018/2024) — some quando esses anos forem reimportados"
"naturezajurídicacódigo";"natureza_juridica";""
"indceivinculado";"ind_cei_vinculado";""
"Ind_CEI_Vinculado";"ind_cei_vinculado";"2018, região Nordeste"
"cei";"ind_cei_vinculado";"nome do script antigo (2018/2024) — some quando esses anos forem reimportados"
"indceivinculadocódigo";"ind_cei_vinculado";""
"indsimples";"ind_simples";""
"Ind_Simples";"ind_simples";"2018, região Nordeste"
"simples";"ind_simples";"nome do script antigo (2018/2024) — some quando esses anos forem reimportados"
"indestabelecimentoparticipantesi";"ind_simples";"verificar: nome truncado na fonte, assumido como ind_simples"
"vlremjaneirocc";"rem_jan";""
"vlremjaneirosc";"rem_jan";"verificar: sufixo SC (2020+) x CC (até 2019) — mesmo conceito?"
"Vl_Rem_Janeiro_CC";"rem_jan";"2018, região Nordeste"
"rem_jan";"rem_jan";"nome do script antigo (2018/2024) — some quando esses anos forem reimportados"
"vlremfevereirocc";"rem_fev";""
"vlremfevereirosc";"rem_fev";"verificar: sufixo SC (2020+) x CC (até 2019) — mesmo conceito?"
"Vl_Rem_Fevereiro_CC";"rem_fev";"2018, região Nordeste"
"rem_fev";"rem_fev";"nome do script antigo (2018/2024) — some quando esses anos forem reimportados"
"vlremmarçocc";"rem_mar";""
"vlremmarçosc";"rem_mar";"verificar: sufixo SC (2020+) x CC (até 2019) — mesmo conceito?"
"Vl_Rem_Março_CC";"rem_mar";"2018, região Nordeste"
"rem_mar";"rem_mar";"nome do script antigo (2018/2024) — some quando esses anos forem reimportados"
"vlremabrilcc";"rem_abr";""
"vlremabrilsc";"rem_abr";"verificar: sufixo SC (2020+) x CC (até 2019) — mesmo conceito?"
"Vl_Rem_Abril_CC";"rem_abr";"2018, região Nordeste"
"rem_abr";"rem_abr";"nome do script antigo (2018/2024) — some quando esses anos forem reimportados"
"vlremmaiocc";"rem_mai";""
"vlremmaiosc";"rem_mai";"verificar: sufixo SC (2020+) x CC (até 2019) — mesmo conceito?"
"Vl_Rem_Maio_CC";"rem_mai";"2018, região Nordeste"
"rem_mai";"rem_mai";"nome do script antigo (2018/2024) — some quando esses anos forem reimportados"
"vlremjunhocc";"rem_jun";""
"vlremjunhosc";"rem_jun";"verificar: sufixo SC (2020+) x CC (até 2019) — mesmo conceito?"
"Vl_Rem_Junho_CC";"rem_jun";"2018, região Nordeste"
"rem_jun";"rem_jun";"nome do script antigo (2018/2024) — some quando esses anos forem reimportados"
"vlremjulhocc";"rem_jul";""
"vlremjulhosc";"rem_jul";"verificar: sufixo SC (2020+) x CC (até 2019) — mesmo conceito?"
"Vl_Rem_Julho_CC";"rem_jul";"2018, região Nordeste"
"rem_jul";"rem_jul";"nome do script antigo (2018/2024) — some quando esses anos forem reimportados"
"vlremagostocc";"rem_ago";""
"vlremagostosc";"rem_ago";"verificar: sufixo SC (2020+) x CC (até 2019) — mesmo conceito?"
"Vl_Rem_Agosto_CC";"rem_ago";"2018, região Nordeste"
"rem_ago";"rem_ago";"nome do script antigo (2018/2024) — some quando esses anos forem reimportados"
"vlremsetembrocc";"rem_set";""
"vlremsetembrosc";"rem_set";"verificar: sufixo SC (2020+) x CC (até 2019) — mesmo conceito?"
"Vl_Rem_Setembro_CC";"rem_set";"2018, região Nordeste"
"rem_set";"rem_set";"nome do script antigo (2018/2024) — some quando esses anos forem reimportados"
"vlremoutubrocc";"rem_out";""
"vlremoutubrosc";"rem_out";"verificar: sufixo SC (2020+) x CC (até 2019) — mesmo conceito?"
"Vl_Rem_Outubro_CC";"rem_out";"2018, região Nordeste"
"rem_out";"rem_out";"nome do script antigo (2018/2024) — some quando esses anos forem reimportados"
"vlremnovembrocc";"rem_nov";""
"vlremnovembrosc";"rem_nov";"verificar: sufixo SC (2020+) x CC (até 2019) — mesmo conceito?"
"Vl_Rem_Novembro_CC";"rem_nov";"2018, região Nordeste"
"rem_nov";"rem_nov";"nome do script antigo (2018/2024) — some quando esses anos forem reimportados"
